MAE,R2 Score
176580.8855857132,-207.40787411921934
