MAE,R2 Score
2532.4014224615144,0.8757042013563512
